{"x_mean": [0.0001195600543421288, -0.00020708408867635064, 0.211536867547138, 0.00770908773064885, 23.02455754016801, 75.70436342875784, 1007.8009787129924, -0.00178615121115733, 0.0019411141016230414, 319.7003343936057, 0.0024875621890547324], "x_scale": [0.707146160155384, 0.7070673595910575, 0.6968883884778356, 0.6852293759314986, 5.131263338309642, 9.102349443904739, 4.417720434085499, 1.0802182431533942, 4.439483833002376, 53.942310051461774, 2.0809319159458717], "y_mean": 319.70989315716497, "y_scale": 53.93774786855418, "feature_order": ["hour_sin", "hour_cos", "month_sin", "month_cos", "temperature_c", "humidity_percent", "pressure_hpa", "pressure_trend_3h", "humidity_trend_3h", "water_level_cm", "rate_of_change_cm_per_hr"]}